{"cameraMode":{"drawMode":0,"name":"Shaded","section":"Shading Mode"},"sceneLighting":true,"audioPlay":false,"sceneViewState":{"m_AlwaysRefresh":false,"showFog":true,"showSkybox":true,"showFlares":true,"showImageEffects":true,"showParticleSystems":true,"showVisualEffectGraphs":true,"m_FxEnabled":true},"in2DMode":false,"pivot":{"x":473.080810546875,"y":30.781272888183595,"z":-23.045989990234376},"rotation":{"x":0.08089829981327057,"y":0.01943621225655079,"z":-0.001563958008773625,"w":0.9965596795082092},"size":16.981164932250978,"orthographic":true}